{
    "Loss": 1.378208041191101,
    "accuracy": 0.8145695328712463
}